questionario,m_id,gruppo_bilanciamento,item,v_term,t_term,pattern,valenza,classe_lessicale,prompt,avg_conv,avg_cntxt,n_int,n_clusters,metaphor_entropy,relative_entropy
Q6,M1,G1,La scuola è il pilastro della crescita.,pilastro,scuola,N₁ di N₂,nessuno,N₁,Dicendo pilastro della crescita si intende qualcosa che _____ come un pilastro,"4,54","4,69","18,00",5,1.723308334,0.7421885017
Q8,M2,G1,"Ci sono le dichiarazioni alla stampa, proprio nel Sulcis, di chi oggi è al timone del Ministero per lo sviluppo economico e del Ministero del lavoro.",timone,Ministero,N₁ di N₂,nessuno,N₁,Dicendo timone del Ministero si intende qualcosa che _____ come un timone,"4,10","4,30","18,00",3,1.251629167,0.7896900821
Q4,M3,G1,"Il Recovery Plan deve avere il lievito delle riforme sui progetti, altrimenti non serve a nulla.",lievito,riforme sui progetti,N₁ di N₂,nessuno,N₁,Dicendo lievito delle riforme si intende qualcosa che _____ come del lievito,"2,08","3,08","17,00",4,1.451660764,0.7258303822
Q7,M4,G4,L'Italia è una patria che è ponte di civiltà.,ponte,civiltà,N₁ = N₂,nessuno,N₂,Si intende che l'Italia _____ come un ponte,"3,58","4,08","12,00",3,1.251629167,0.7896900821
Q6,M5,G5,"Questo non è Governo sovranista, non è neanche un Governo populista, è un Governo che si è inginocchiato",inginocchiarsi,Governo,V ~ N,intransitivo,V,Dicendo inginocchiarsi si intende _____,"3,38","4,15","19,00",6,2.331802674,0.9020644102
Q7,M6,G7,"Questo decreto, insieme al decreto agosto, doveva essere uno dei pilastri in cui inserire i chiodi per veicolare le risorse del Recovery Fund.",inserire i chiodi,,V ~ N,transitivo,V + N,Dicendo inserire i chiodi si intende _____,"2,83","4,08","13,00",6,2.141619525,0.8284915254
Q10,M7,G5,"A me non convince molto il tono complessivo della mozione dei gruppi d'opposizione, anche se poi plana su impegni tutto sommato sensati e convergenti con quelli di maggioranza.",planare,tono della mozione,V ~ N,intransitivo,V,Dicendo planare si intende _____,"3,00","4,00","16,00",4,1.901506403,0.9507532013
Q3,M8,G3,La schizofrenica situazione attuale è il risultato del balbettio del Governo.,schizofrenico,situazione,N ~ Agg,nessuno,Agg,Una situazione schizofrenica è una situazione che _____,"3,15","3,46","30,00",6,2.418082286,0.9354419205
Q1,M9,G2,Gli artigli degli avvoltoi internazionali si sono avventati sulla Grecia senza pietà.,avvoltoio,internazionale,N ~ Agg,nessuno,N,Dicendo avvoltoi internazionali si intende qualcosa che _____ come un avvoltoio,"4,25","4,33","15,00",8,2.89542387,0.9651412901
Q8,M10,G2,"Più è forte il ristagno economico, più è difficile l'assorbimento dei flussi di immigrazione.",ristagno,economico,N ~ Agg,nessuno,N,Dicendo ristagno economico si intende qualcosa che _____ come un ristagno,"3,60","3,60","13,00",5,1.807354922,0.778385397
Q6,M11,G5,In queste realtà urbane la crisi ha morso in maniera più forte.,mordere,crisi,V ~ N,intransitivo,V,Dicendo mordere si intende _____,"2,69","3,92","21,00",11,3.039633044,0.8786509979
Q4,M12,G5,Al Senato si stava a galleggiare in attesa degli eventi.,galleggiare,,V ~ N,intransitivo,V,Dicendo galleggiare si intende _____,"2,54","3,77","20,00",7,2.229871195,0.794296146
Q1,M13,G3,Il tono del dibattito diventerà più aspro.,aspro,tono,N ~ Agg,nessuno,Agg,Un tono del dibattito aspro è un tono del dibattito che _____,"4,50","4,17","19,00",9,3.010570934,0.9497293888
Q1,M14,G2,L'assegno unico universale è stato approvato all'unanimità da questo Parlamento grazie anche al prezioso lavoro di cucitura politica fatta dalla nostra Ministra Elena Bonetti.,cucitura,politica,N ~ Agg,nessuno,N,Dicendo cucitura politica si intende qualcosa che _____ come una cucitura,"3,42","4,08","19,00",4,1.09753784,0.5487689199
Q3,M15,G4,"Una comunità è innanzitutto la sua memoria, che è il lievito delle sue radici e del suo passato.",lievito,memoria,N₁ = N₂,nessuno,N₂,Si intende che la memoria _____ come del lievito,"2,31","3,46","18,00",9,2.535857776,0.7999740608
Q7,M16,G1,Loro puntavano a creare dei semi di valorizzazione dei diritti umani.,semi,valorizzazione dei diritti umani,N₁ di N₂,nessuno,N₁,Dicendo semi di valorizzazione dei diritti umani si intende qualcosa che _____ come dei semi,"3,50","4,33","17,00",9,2.939829017,0.9274127988
Q9,M17,G2,Il sistema valoriale costituisce lo scheletro imprescindibile socioculturale proprio di ogni nazione.,scheletro,socioculturale,N ~ Agg,nessuno,N,Dicendo scheletro socioculturale si intende qualcosa che _____ come uno scheletro,"3,80","4,40","15,00",5,1.930124965,0.8312595767
Q8,M18,G5,Per promuovere la cultura bisogna prima di tutto tutelare le lavoratrici e i lavoratori che in questo settore orbitano,orbitare,le lavoratrici e i lavoratori,V ~ N,intransitivo,V,Dicendo orbitare si intende _____,"3,90","4,20","15,00",4,1.96559623,0.9827981152
Q5,M19,G6,I nostri giovani hanno già digerito i tre mesi di lockdown.,digerire,tre mesi di lockdown,V ~ N,transitivo,V,Dicendo digerire i tre mesi di lockdown si intende _____ i tre mesi di lockdown,"3,82","4,36","14,00",7,2.472905595,0.8808667461
Q9,M20,G1,"Come ha detto la cancelliera Merkel, l'odio e il razzismo sono il veleno della nostra società, nessuno ne è immune, neanche la Germania",veleno,la nostra società,N₁ di N₂,nessuno,N₁,Dicendo veleno della nostra società si intende qualcosa che _____ come un veleno,"4,30","4,40","16,00",5,2.14939747,0.9256951045
Q1,M21,G7,Schemi binari bruciano il terreno della mediazione.,bruciare il terreno,schemi binari,V ~ N,transitivo,V + N,Dicendo bruciare il terreno si intende _____,"3,00","3,58","17,00",8,2.771902372,0.9239674573
Q3,M22,G5,L'articolo 18 è stato eliminato ed è esplosa l'occupazione a tempo determinato.,esplodere,occupazione a tempo determinato,V ~ N,intransitivo,V,Dicendo esplodere si intende _____,"4,38","4,15","17,00",4,1.349182643,0.6745913216
Q1,M23,G3,Quello che poteva essere il tassello di un disegno in grado di chiudere la transizione è diventato un anemico provvedimento che non risolverà strutturalmente nessuno dei problemi richiamati.,anemico,provvedimento,N ~ Agg,nessuno,Agg,Un provvedimento anemico è un provvedimento che _____,"2,92","4,25","19,00",6,2.292071752,0.8866943918
Q6,M24,G1,I temi economici del lavoro e del fisco sono l'ossatura di questo provvedimento,ossatura,questo provvedimento,N₁ di N₂,nessuno,N₁,Dicendo ossatura di questo provvedimento si intende qualcosa che _____ come un'ossatura,"3,92","4,62","21,00",6,2.406647098,0.9310181858
Q2,M25,G6,"Il vero cambiamento è dare risposte più avanzate a quelle domande che voi stessi avete percepito, alimentato, nutrito con bulimia.",alimentare,domande,V ~ N,transitivo,V,Dicendo alimentare domande si intende _____ domande,"4,07","4,21","27,00",6,2.064658069,0.79871877
Q6,M26,G3,"Il collega Delmastro avrà espresso una valutazione un po' ruvida, ma comunque è una sua valutazione.",ruvido,valutazione,N ~ Agg,nessuno,Agg,Una valutazione ruvida è una valutazione che _____,"3,23","4,08","21,00",7,2.570190637,0.9155203771
Q4,M27,G1,I trust del cemento e del ferro si appoggiavano sulla marmellata della piccola impresa illegale del lavoro nero e della mancata sicurezza,marmellata,piccola impresa,N₁ di N₂,nessuno,N₁,Dicendo marmellata della piccola impresa illegale si intende qualcosa che _____ come una marmellata,"1,62","3,00","19,00",6,2.404678473,0.9302566178
Q6,M28,G7,Il MoVimento 5 Stelle sull'altare della stabilità del Governo ingoia chiodi molto arrugginiti.,ingoiare chiodi,il Movimento 5 Stelle,V ~ N,transitivo,V + N,Dicendo ingoiare chiodi si intende _____,"2,54","3,46","16,00",5,2.14939747,0.9256951045
Q2,M29,G1,"Non vi ho mai sentito firmare dei provvedimenti che abbiano riguardato il rafforzamento, il lavoro per rendere plausibile un germoglio di democrazia",germoglio,democrazia,N₁ di N₂,nessuno,N₁,Dicendo germoglio di democrazia si intende qualcosa che _____ come un germoglio,"3,57","3,79","27,00",7,2.506448313,0.8928149033
Q6,M30,G7,"Noi non siamo per togliere il sostegno al comparto manifatturiero dei mobili, ma consideriamo l'opportunità di evitare di fare minestrone.",fare minestrone,,V ~ N,transitivo,V + N,Dicendo fare minestrone si intende _____,"2,77","3,08","15,00",4,1.781937064,0.8909685318
Q1,M31,G5,L'esperienza politica del MoVimento 5 Stelle a Roma affonda nella corruzione.,affondare,l'esperienza politica,V ~ N,intransitivo,V,Dicendo affondare si intende _____,"3,75","4,33","18,00",8,2.552179697,0.8507265657
Q5,M32,G2,E' l'ennesima marmellata burocratica che parte proprio dalla decisione del 2012 del “decreto Clini-Passera”.,marmellata,burocratica,N ~ Agg,nessuno,N,Dicendo marmellata burocratica si intende qualcosa che _____ come una marmellata,"2,00","2,82","13,00",6,2.199687795,0.8509553984
Q8,M33,G5,Le informazioni rimbalzano da un Paese all'altro con grande rapidità.,rimbalzare,le informazioni,V ~ N,intransitivo,V,Dicendo rimbalzare si intende _____,"4,40","4,10","13,00",3,1.419556299,0.8956403056
Q5,M34,G5,Le speranze di tanti cittadini si infrangono come schiuma contro lo scoglio del palazzo.,infrangersi,le speranze,V ~ N,intransitivo,V,Dicendo infrangersi si intende _____,"4,18","4,55","19,00",6,2.309563228,0.8934610182
Q10,M35,G5,"Possiamo fare un federalismo fatto bene, per il nord e per il sud, che sono tutti sulla stessa barca. Possiamo farlo. Attenzione, fermatevi! Fermatevi, perché se no questa riforma deraglia.",deragliare,questa riforma,V ~ N,intransitivo,V,Dicendo deragliare si intende _____,"3,46","3,77","15,00",6,2.324276462,0.899152874
Q7,M36,G6,"La disgustosa tappa odierna, di fatto, narcotizza il Parlamento.",narcotizzare,il Parlamento,V ~ N,transitivo,V,Dicendo narcotizzare il Parlamento si intende _____ il Parlamento,"3,17","3,83","15,00",4,1.96559623,0.9827981152
Q7,M37,G5,La criminalità organizzata si nutre del voto di scambio.,nutrirsi,la criminalità organizzata,V ~ N,intransitivo,V,Dicendo nutrirsi si intende _____,"4,17","4,50","18,00",6,2.335505557,0.9034968809
Q3,M38,G2,C'è chi sembra avere come unico faro politico i risultati del prossimo sondaggio.,faro,politico,N ~ Agg,nessuno,N,Dicendo faro politico si intende qualcosa che _____ come un faro,"3,46","3,54","21,00",6,2.343767422,0.9066930068
Q3,M39,G6,"Programmi TV su argomenti storici bruciano anche, negli ascolti, altri programmi.",bruciare,altri programmi,V ~ N,transitivo,V,Dicendo bruciare altri programmi si intende _____ altri programmi,"3,31","3,85","22,00",6,2.315738007,0.8958497488
Q5,M40,G3,"Il nostro Stato moribondo, lo hanno consegnato incappucciato a qualcuno che ha una ghigliottina.",moribondo,Stato,N ~ Agg,nessuno,Agg,Uno Stato moribondo è uno stato che _____,"3,45","3,91","17,00",7,2.536608254,0.9035580911
Q8,M41,G4,L'Europa è l'unica scialuppa che abbiamo,scialuppa,l'Europa,N₁ = N₂,nessuno,N₂,Si intende che l'Europa _____ come una scialuppa,"3,60","3,80","10,00",4,1.356779649,0.6783898247
Q4,M42,G6,È difficile far digerire il termine “voucher”.,digerire,"il termine ""voucher""",V ~ N,transitivo,V,Dicendo digerire il termine “voucher” si intende _____ il termine “voucher”,"3,92","3,85","15,00",6,1.871602261,0.7240345889
Q1,M43,G7,"Con l'azione ispettiva, abbiamo voluto accendere un faro sui problemi e informare i cittadini.",accendere un faro,,V ~ N,transitivo,V + N,Dicendo accendere un faro si intende _____,"4,00","4,33","21,00",7,2.517226963,0.8966543358
Q4,M44,G2,Non è più possibile accettare che oltre il 50 per cento delle richieste siano bloccate dalla pubblica amministrazione con un labirinto burocratico,labirinto,burocratico,N ~ Agg,nessuno,N,Dicendo labirinto burocratico si intende qualcosa che _____ come un labirinto,"3,92","4,38","17,00",4,1.641153732,0.8205768659
Q5,M45,G6,"Questa norma, come pure l'emendamento presentato in Commissione da ultimo, sulla prescrizione, distilla un principio sovvertito di colpevolezza.",distillare,un principio di colpevolezza,V ~ N,transitivo,V,Dicendo distillare un principio di colpevolezza si intende _____ un principio di colpevolezza,"1,91","2,64","12,00",6,2.221251836,0.8592975083
Q4,M46,G6,"Si vedrà il vero volto di questa maggioranza, che cavalca i problemi solo in campagna elettorale.",cavalcare,i problemi,V ~ N,transitivo,V,Dicendo cavalcare i problemi si intende _____ i problemi,"4,38","4,69","15,00",4,1.672905595,0.8364527977
Q2,M47,G5,Alle opposizioni brucia il fatto che questo Governo sia riuscito ad aumentare i propri consensi.,bruciare,il fatto,V ~ N,intransitivo,V,Dicendo bruciare si intende _____,"4,86","4,79","23,00",6,2.139695807,0.8277473297
Q2,M48,G4,La norma è un elastico che ciascun magistrato può tirare a piacimento.,elastico,la norma,N₁ = N₂,nessuno,N₂,Si intende che la norma _____ come un elastico,"2,86","4,29","26,00",8,2.782197296,0.9273990986
Q3,M49,G6,Con questo provvedimento bruciate 80.000 posti di lavoro in dieci anni,bruciare,posti di lavoro,V ~ N,transitivo,V,Dicendo bruciare 80.000 posti di lavoro si intende _____ 80.000 posti di lavoro,"3,92","3,77","26,00",6,2.053953745,0.7945777721
Q6,M50,G4,Venezia è una perla che racchiude in se stessa quella che è l'identità del popolo veneto.,perla,Venezia,N₁ = N₂,nessuno,N₂,Si intende che Venezia _____ come una perla,"3,92","3,85","25,00",8,2.768176989,0.922725663
Q10,M51,G4,La Repubblica italiana con questo Governo sta diventando lo zampirone per l'impresa.,zampirone,la Repubblica Italiana,N₁ = N₂,nessuno,N₂,Si intende che la Repubblica italiana _____ come uno zampirone.,"2,08","2,92","13,00",6,2.411602218,0.932935088
Q9,M52,G1,"Quel valzer incontrollato dei pareri favorevoli e delle modifiche delle riformulazioni, non è materia che possa essere oggetto di seria contrattazione parlamentare.",valzer,pareri favorevoli e modifiche delle riformulazioni,N₁ di N₂,nessuno,N₁,Dicendo valzer dei pareri favorevoli e delle modifiche delle riformulazioni si intende qualcosa che _____ come un valzer,"3,30","3,80","14,00",6,2.502736172,0.9681905137
Q4,M53,G4,Il lavoro dipendente è il granaio del fisco e i lavoratori ben lo sanno quando leggono la loro busta paga.,granaio,il lavoro dipendente,N₁ = N₂,nessuno,N₂,Si intende che il lavoro dipendente _____ come un granaio,"2,08","3,38","14,00",7,2.69951385,0.9615862352
Q10,M54,G3,"Serve una destra accessibile, commestibile, utile nella sua capacità di trasferire i valori più profondi nell'attività politica quotidiana.",commestibile,una destra,N ~ Agg,nessuno,Agg,Una destra commestibile è una destra che _____,"2,31","3,23","15,00",6,2.289246429,0.8856014073
Q1,M55,G4,È una lotta contro questa bestia schifosa chiamata mafia.,bestia,mafia,N₁ = N₂,nessuno,N₂,Si intende che la mafia _____ come una bestia,"4,33","4,67","15,00",8,2.872905595,0.9576351984
Q5,M56,G3,Questa estenuante interlocuzione con il Dicastero dell'Economia ci ha procurato cocenti arrabbiature,cocente,arrabbiature,N ~ Agg,nessuno,Agg,Delle arrabbiature cocenti sono delle arrabbiature che _____,"3,55","4,45","18,00",9,2.915195994,0.919641945
Q4,M57,G2,In capo all'agricoltore-produttore-trasformatore il rischio è di trovarsi dentro una giungla burocratica ulteriore che queste norme producono.,giungla,burocratica,N ~ Agg,nessuno,N,Dicendo giungla burocratica si intende qualcosa che _____ come una giungla,"4,08","4,23","23,00",10,2.967210311,0.8932193072
Q9,M58,G4,"L'aumento dell'IVA, più che uno shock fiscale sarà uno squarcio nella vita quotidiana di ciascun cittadino.",squarcio,aumento dell'IVA,N₁ = N₂,nessuno,N₂,Si intende che l'aumento dell'IVA _____ come uno squarcio,"3,00","3,80","13,00",8,2.81507241,0.93835747
Q3,M59,G4,"La Costituzione è, e rimane, il faro per le politiche di questo Paese.",faro,la Costituzione,N₁ = N₂,nessuno,N₂,Si intende che la Costituzione _____ come un faro,"4,31","4,38","21,00",4,1.602131444,0.8010657221
Q5,M60,G4,"Il nostro Paese è, infatti, una vera e propria cassaforte di eccellenze.",cassaforte,il nostro Paese,N₁ = N₂,nessuno,N₂,Si intende che il nostro Paese _____ come una cassaforte,"2,18","3,73","14,00",6,2.472905595,0.9566504716
Q9,M61,G6,Il fianco sud dell'Alleanza interviene per andare a suturare quelle posizioni che generano problematiche.,suturare,posizioni che generano problematiche,V ~ N,transitivo,V,Dicendo suturare le posizioni si intende _____ le posizioni,"2,20","3,60","17,00",7,2.609850166,0.9296473864
Q6,M62,G2,Se questa legge non è applicata fino in fondo è anche perché manca il paracadute costituzionale.,paracadute,costituzionale,N ~ Agg,nessuno,N,Dicendo paracadute costituzionale si intende qualcosa che _____ come un paracadute,"3,54","3,85","20,00",7,2.528212946,0.9005676218
Q7,M63,G5,Senza più incisivi interventi per la crescita l'Europa muore.,morire,l'Europa,V ~ N,intransitivo,V,Dicendo morire si intende _____,"4,08","4,42","17,00",6,2.345719284,0.90744809
Q10,M64,G2,Nella fase di crisi occorre evitare la voragine occupazionale che si può determinare anche in termini di mancati rinnovi dei contratti a tempo determinato,voragine,occupazionale,N ~ Agg,nessuno,N,Dicendo voragine occupazionale si intende qualcosa che _____ come una voragine,"3,15","4,08","14,00",8,2.842370993,0.9474569977
Q10,M65,G2,Questa economia ha un tessuto produttivo che ci invidia tutto quanto il mondo,tessuto,produttivo,N ~ Agg,nessuno,N,Dicendo tessuto produttivo si intende qualcosa che _____ come un tessuto,"3,00","3,38","13,00",5,2.10390991,0.9061046787
Q4,M66,G1,Il lavoro dipendente è il granaio del fisco e i lavoratori ben lo sanno quando leggono la loro busta paga.,granaio,fisco,N₁ di N₂,nessuno,N₁,Dicendo granaio del fisco e i lavoratori si intende qualcosa che _____ come un granaio,"2,15","3,54","22,00",5,2.02072778,0.870280085
Q3,M67,G1,Gli agricoltori si trovano in una giungla di burocrazia.,giungla,burocrazia,N₁ di N₂,nessuno,N₁,Dicendo giungla di burocrazia si intende qualcosa che _____ come una giungla,"4,31","4,15","28,00",10,2.826281403,0.8507954785
Q4,M68,G3,Alcuni osservatori internazionali hanno detto che la nostra economia è un'economia sana,sano,economia,N ~ Agg,nessuno,Agg,Un'economia sana è un'economia che _____,"4,15","4,08","19,00",6,2.446439345,0.9464119282
Q2,M69,G3,L'antisemitismo è oggi una forma viscida e strisciante di odio,viscido,forma di odio,N ~ Agg,nessuno,Agg,Una forma di odio viscida è una forma di odio che _____,"3,93","4,14","25,00",8,2.475299538,0.8250998461
Q2,M70,G6,"L'intero comparto produttivo dell'Irpinia sta subendo profondi contraccolpi, che rischiano di seppellire e di indebolire ogni ipotesi di sviluppo dell'intera area.",seppellire,ipotesi di sviluppo,V ~ N,transitivo,V,Dicendo seppellire ogni ipotesi di sviluppo si intende _____ ogni ipotesi di sviluppo,"4,14","4,21","31,00",8,2.467960897,0.8226536323
Q1,M71,G5,Il conflitto di interessi si annida anche a livello di un'amministrazione di condominio!,annidarsi,conflitto di interesse,V ~ N,intransitivo,V,Dicendo annidarsi si intende _____,"3,83","4,33","18,00",6,2.247927513,0.869617069
Q1,M72,G6,L'Italia ha fondato l'Unione europea. I vostri amici la vogliono affondare.,affondare,l'Unione Europea,V ~ N,transitivo,V,Dicendo affondare l'Unione europea si intende _____ l'Unione europea,"4,08","3,67","22,00",6,2.408549097,0.9317539795
Q9,M73,G6,Le sottolineo che l'applicazione delle nuove tecnologie nel mondo del lavoro è sicuramente una metodologia che sposo appieno.,sposare,metodologia,V ~ N,transitivo,V,Dicendo sposare una metodologia si intende _____ una metodologia,"3,90","4,30","20,00",6,2.457594066,0.9507271636
Q7,M74,G2,È il momento di ridurre gli spazi dove la piovra cinese può inserirsi nella sua lotta internazionale con gli Stati Uniti.,piovra,cinese,N ~ Agg,nessuno,N,Dicendo piovra cinese si intende qualcosa che _____ come una piovra,"3,08","4,25","19,00",9,2.815333779,0.8881389238
Q10,M75,G3,"Si chieda se la sua maggioranza è in quell'alveo o distilla una maleodorante cultura anti-Occidente, che si traduce anche in semi-crisi di Governo!",malodorante,cultura anti-occidentale,N ~ Agg,nessuno,Agg,Una cultura anti-Occidente maleodorante è una cultura anti-Occidente che _____,"1,77","2,77","16,00",9,3.086048612,0.9735399452
Q10,M76,G7,Rivelare il contenuto della lettera smonterebbe l'intero castello di argomentazioni.,smontare il castello,,V ~ N,transitivo,V + N,Dicendo smontare il castello si intende _____,"3,46","4,15","16,00",7,2.477217001,0.8824024999
Q4,M77,G7,"È importante che la normativa nazionale costruisca i paletti rispetto alle caratteristiche di questa professionalità, per tutelare la salute degli operatori e dei turisti.",costruire i paletti,,V ~ N,transitivo,V + N,Dicendo costruire i paletti si intende _____,"4,00","4,08","16,00",5,1.968873875,0.8479478236
Q4,M78,G7,Il Governo intende disboscare la giungla normativa esistente nel nostro Paese.,disboscare la giungla,,V ~ N,transitivo,V + N,Dicendo disboscare la giungla si intende _____,"2,69","4,23","16,00",6,2.233458593,0.8640197267
Q3,M79,G5,"L'Unione europea, questo sogno di libertà e comunità con il quale la mia generazione è cresciuta, sta crollando",crollare,l'Unione Europea,V ~ N,intransitivo,V,Dicendo crollare si intende _____,"4,00","4,38","27,00",7,2.521414816,0.8981460792
Q8,M80,G2,"Noi crediamo in una nuova Europa, crediamo nei popoli che la vivono, nell'identità che la animano, nelle radici cristiane in cui affonda.",radice,cristiane,N ~ Agg,nessuno,N,Dicendo radici cristiane si intende qualcosa che _____ come delle radici,"4,60","4,50","16,00",8,2.75,0.9166666667
Q10,M81,G7,"Ogni volta che Fratelli d'Italia scoperchia la pentola dei trattati firmati dal PD con la Francia, ci troviamo di fronte a Caen, al tradimento della sovranità nazionale italiana!",scoperchiare la pentola,,V ~ N,transitivo,V + N,Dicendo scoperchiare la pentola si intende _____,"3,62","4,00","16,00",3,1.419736718,0.8957541375
Q9,M82,G5,"Un sistema fragile, che sta rischiando di saltare, e già le prime aziende, piccole e medie imprese stanno saltando.",saltare,sistema fragile,V ~ N,intransitivo,V,Dicendo saltare si intende _____,"3,70","4,20","13,00",3,1.457265914,0.9194324238
Q9,M83,G5,"Sta nascendo il mercato di libero scambio nel Mediterraneo, il mercato euromediterraneo: la Francia è partita in quarta, l'Italia come al solito dorme.",dormire,l'Italia,V ~ N,intransitivo,V,Dicendo dormire si intende _____,"4,20","4,50","22,00",8,2.657091416,0.8856971387
Q9,M84,G7,State mettendo un altro chiodo tombale in termini di rappresentanza su molti territori della nostra nazione.,mettere un chiodo tombale,,V ~ N,transitivo,V + N,Dicendo mettere un chiodo tombale si intende _____,"2,30","3,80","12,00",7,2.584962501,0.9207822212
Q7,M85,G7,Con 25 miliardi e la cassa integrazione stai mettendo un cerotto ma non curi l'Italia.,mettere un cerotto,,V ~ N,transitivo,V + N,Dicendo mettere un cerotto si intende _____,"4,17","4,75","16,00",5,2.14513637,0.9238599485
Q5,M86,G5,Il Governo è praticamente inciampato nelle sue stesse riforme.,inciampare,il Governo,V ~ N,intransitivo,V,Dicendo inciampare si intende _____,"4,18","4,45","16,00",6,2.452819531,0.9488801213
Q5,M87,G7,"Questo ente servirà a fare macelleria all'interno del corpo docente, con un taglio di oltre 11.600 unità di personale dal 2026 in poi.",fare macelleria,,V ~ N,transitivo,V + N,Dicendo fare macelleria si intende _____,"1,45","3,55","16,00",5,1.974601753,0.8504146864
Q2,M88,G5,La proposta di legge si è arenata in Senato.,arenarsi,la proposta di legge,V ~ N,intransitivo,V,Dicendo arenarsi si intende _____,"4,57","4,50","25,00",4,1.428460186,0.7142300932
Q10,M89,G6,L'austerità rischiava di uccidere la ripresa dopo la crisi.,uccidere,la ripresa,V ~ N,transitivo,V,Dicendo uccidere la ripresa si intende _____ la ripresa,"3,46","3,85","18,00",6,2.189286976,0.8469318126
Q8,M90,G1,"Anche in questa Aula, che è il tempio della democrazia, si esprime uno dei tre poteri centrali costitutivi dell'idea della democrazia liberale.",tempio,democrazia,N₁ di N₂,nessuno,N₁,Dicendo tempio della democrazia si intende qualcosa che _____ come un tempio,"4,20","4,20","13,00",3,1.295737801,0.8175195312
Q6,M91,G3,Come fate a mostrare tanta glaciale indifferenza al grido disperato di dolore dei produttori italiani,glaciale,indifferenza,N ~ Agg,nessuno,Agg,Un'indifferenza glaciale è un'indifferenza che _____,"3,62","4,31","21,00",6,2.506144067,0.9695088676
Q2,M92,G3,Dietro aridi numeri ci sono scelte determinanti e spesso dolorose.,arido,numeri,N ~ Agg,nessuno,Agg,Dei numeri aridi sono dei numeri che _____,"4,00","4,21","29,00",8,2.816339955,0.9387799849
Q7,M93,G3,Ancora una volta non si affronta con coraggio il tema bruciante di un'attualità fatta di integralismo.,bruciante,tema,N ~ Agg,nessuno,Agg,Un tema bruciante è un tema che _____,"4,33","4,58","17,00",10,2.932817315,0.8828659837
Q2,M94,G7,Gli interventi prospettati avrebbero sicuramente aperto delle voragini nella finanza pubblica.,aprire voragini,,V ~ N,transitivo,V + N,Dicendo aprire voragini si intende _____,"4,00","4,36","25,00",7,2.567210311,0.9144587637
Q8,M95,G4,"Dicevate che l'avreste usato per sconfiggere la piovra del PD, il partito dei delinquenti.",piovra,PD,N₁ = N₂,nessuno,N₂,Si intende che il PD _____ come una piovra,"2,00","2,40","13,00",7,2.565448372,0.9138311482
Q9,M96,G7,Conte ha posto la museruola su Salvini e Di Maio.,porre la museruola,,V ~ N,transitivo,V + N,Dicendo porre la museruola si intende _____,"3,40","3,80","18,00",4,1.696073612,0.8480368059
Q7,M97,G1,Il voto di oggi dà la possibilità di evitare l'antipatico rimbalzo di questioni,rimbalzo,questioni,N₁ di N₂,nessuno,N₁,Dicendo rimbalzo di questioni si intende qualcosa che _____ come un rimbalzo,"4,00","4,17","16,00",8,2.586887841,0.862295947
Q2,M98,G1,Dobbiamo sensibilizzare i nostri ragazzi affinché crescano illuminati dal faro della tolleranza.,faro,tolleranza,N₁ di N₂,nessuno,N₁,Dicendo faro della tolleranza si intende qualcosa che _____ come un faro,"3,93","4,43","27,00",8,2.476570621,0.8255235404
Q10,M99,G1,Si tratta di un parallelepipedo di cemento che offende il volto di Napoli e offende in volto dell'Italia intera,volto,Italia intera,N₁ di N₂,nessuno,N₁,Dicendo volto dell'Italia intera si intende qualcosa che _____ come un volto,"4,00","4,15","14,00",6,2.352745781,0.91016631
Q7,M100,G4,La scuola è il pilastro della crescita.,pilastro,la scuola,N₁ = N₂,nessuno,N₂,Si intende che la scuola _____ come un pilastro,"4,42","4,75","21,00",5,1.818329432,0.7831118612
Q4,M101,G5,"Il sostegno è necessario a chi oggi ha visto evaporare, da un giorno all'altro, il suo reddito.",evaporare,il reddito,V ~ N,intransitivo,V,Dicendo evaporare si intende _____,"3,92","4,46","23,00",5,1.731346433,0.7456503227
Q3,M102,G3,Ci auguriamo anche che l'Unione europea sappia mostrarsi coesa e compatta,compatto,l'Unione Europea,N ~ Agg,nessuno,Agg,Un'Unione europea compatta è un'Unione europea che _____,"4,54","4,31","24,00",6,2.242126373,0.8673728818
Q2,M103,G4,Gli investimenti sono una chiave fondamentale per la crescita.,chiave,investimenti,N₁ = N₂,nessuno,N₂,Si intende che gli investimenti _____ come una chiave,"4,54","4,54","23,00",6,2.050919982,0.7934041525
Q8,M104,G3,Devo dire che è particolarmente indigesto l'appello all'onestà intellettuale che proviene dai banchi del centrosinistra.,indigesto,appello all'onestà intelettuale,N ~ Agg,nessuno,Agg,Un appello all'onestà intellettuale indigesto è un appello all'onestà intellettuale che _____,"3,40","3,30","17,00",7,2.469240782,0.8795613133
Q9,M105,G3,"In nome di una cieca austerità priva di ogni logica, furono chiusi trentuno tribunali e altrettante procure della Repubblica.",cieco,austerità,N ~ Agg,nessuno,Agg,Una cieca austerità è un'austerità che _____,"3,60","4,20","14,00",5,2.067031495,0.8902220098
Q5,M106,G1,L’Italia ha bisogno di liberarsi dalla morsa della burocrazia.,morsa,burocrazia,N₁ di N₂,nessuno,N₁,Dicendo morsa della burocrazia si intende qualcosa che _____ come una morsa,"4,45","4,73","17,00",7,2.278351812,0.8115652901
Q1,M107,G4,"Avete detto aggiungiamo lo 0,1 per una persona disabile nella scala di equivalenza, ma il risultato naturalmente è una briciola.",briciola,il risultato,N₁ = N₂,nessuno,N₂,Si intende che il risultato _____ come una briciola,"4,25","4,75","19,00",6,2.446439345,0.9464119282
Q6,M108,G4,Le persone e le imprese non sono pedine.,pedina,la persone e le imprese,N₁ = N₂,nessuno,N₂,Si intende che le persone e le imprese non _____ come delle pedine,"3,62","4,15","17,00",6,2.254447579,0.8721393747
Q2,M109,G7,"Io credo che se smettessimo di applicare ai politici in vita delle maschere, forse la democrazia sarebbe più compiuta e avremmo fatto un passo avanti.",applicare delle maschere,,V ~ N,transitivo,V + N,Dicendo applicare delle maschere si intende _____,"3,07","3,50","21,00",7,2.552832162,0.9093371635
Q8,M110,G6,"Troppo spesso, le decisioni dell'Unione europea scavalcano i singoli Stati",scavalcare,i singoli Stati,V ~ N,transitivo,V,Dicendo scavalcare i singoli Stati si intende _____ i singoli Stati,"4,40","3,90","15,00",6,2.332914564,0.9024945481
Q2,M111,G2,"Ditemi voi se questa è semplificazione, mettere in piedi questo elefante burocratico che costerà 30 milioni di euro all'anno.",elefante,burocratico,N ~ Agg,nessuno,N,Dicendo elefante burocratico si intende qualcosa che _____ come un elefante,"3,64","4,07","27,00",5,2.098480942,0.9037665494
Q1,M112,G1,"Il nostro Paese è, infatti, una vera e propria cassaforte di eccellenze.",cassaforte,eccellenze,N₁ di N₂,nessuno,N₁,Dicendo cassaforte di eccellenze si intende qualcosa che _____ come una cassaforte,"2,58","3,92","12,00",6,2.282588731,0.8830258582
Q5,M113,G4,Le piccole e medie imprese sono l'ossatura del nostro Paese.,ossatura,le piccole e medie imprese,N₁ = N₂,nessuno,N₂,Si intende che le piccole e medie imprese _____ come un'ossatura.,"3,55","3,91","19,00",6,2.246439345,0.8690413668
Q3,M114,G7,"Questa regione affonda le sue radici in una cultura profonda, in un senso civico importante.",affondare le radici,,V ~ N,transitivo,V + N,Dicendo affondare le radici si intende _____,"4,38","4,31","27,00",5,1.768404489,0.7616103587
Q9,M115,G3,"C'è una diffusione nell'opinione pubblica di una percezione legittima e fondata, per quanto ruvida e poco digeribile soprattutto da noi.",digeribile,percezione,N ~ Agg,nessuno,Agg,Una percezione poco digeribile è una percezione che _____,"3,40","4,00","12,00",4,1.418295834,0.709147917
Q8,M116,G6,È giunto il momento di rispolverare lo spirito di quel manifesto che annunciava l'Europa dei popoli e dei diritti.,rispolverare,lo spirito di quel manifesto,V ~ N,transitivo,V,Dicendo rispolverare lo spirito di quel manifesto si intende _____ lo spirito di quel manifesto,"4,50","4,40","17,00",6,2.195461844,0.8493205776
Q5,M117,G1,"Voterò «no» perché questo decreto-legge è un minestrone di provvedimenti disparati, inutili e raffazzonati alla bell'e meglio.",minestrone,provvedimenti,N₁ di N₂,nessuno,N₁,Dicendo minestrone di provvedimenti disparati si intende qualcosa che _____ come un minestrone,"4,09","4,45","16,00",4,1.926120747,0.9630603734
Q1,M118,G1,La schizofrenica situazione attuale è il risultato del balbettio del Governo.,balbettio,Governo,N₁ di N₂,nessuno,N₁,Dicendo balbettio del Governo si intende qualcosa che _____ come un balbettio,"3,08","4,17","15,00",7,2.573557262,0.9167195933
Q5,M119,G2,L'efficientamento della pubblica amministrazione ha ottenuto risultati senza essere interpretato come macelleria sociale.,macelleria,sociale,N ~ Agg,nessuno,N,Dicendo macelleria sociale si intende qualcosa che _____ come una macelleria,"2,27","3,27","13,00",6,2.411602218,0.932935088
Q10,M120,G1,L'Italia non è minimamente infetta dal virus del razzismo.,virus,razzismo,N₁ di N₂,nessuno,N₁,Dicendo virus del razzismo si intende qualcosa che _____ come un virus,"4,15","4,38","14,00",5,1.962806632,0.8453348043
Q8,M121,G7,Questa bestia dell'antipolitica deve essere sempre pettinata per il verso,pettinare la bestia,,V ~ N,transitivo,V + N,Dicendo pettinare la bestia si intende _____,"1,70","2,10","14,00",6,2.352745781,0.91016631
Q8,M122,G3,Contro questo sistema marcio e radicato negli anni sta combattendo strenuamente la squadra della nostra sindaca.,marcio,sistema,N ~ Agg,nessuno,Agg,Un sistema marcio è un sistema che _____,"4,60","4,00","20,00",7,2.42750195,0.8646936413
Q10,M123,G4,Essi sono il volto di un'Italia che ha lottato senza risparmiarsi.,volto,Italia,N₁ = N₂,nessuno,N₂,Si intende che essi _____ come un volto,"3,77","3,77","12,00",4,1.846439345,0.9232196723
Q6,M124,G2,Nell'anno corrente assistiamo a forti ondate epidemiche,ondata,epidemiche,N ~ Agg,nessuno,N,Dicendo ondate epidemiche si intende qualcosa che _____ come un'ondata,"4,15","4,46","17,00",5,2.139261931,0.9213299651
Q10,M125,G6,Oggi nell'Ufficio di Presidenza di questo Palazzo arriva la delibera per tagliare i vitalizi agli ex parlamentari della Repubblica.,tagliare,i vitalizi,V ~ N,transitivo,V,Dicendo tagliare i vitalizi si intende _____ i vitalizi,"4,31","4,00","22,00",4,1.649725367,0.8248626837
Q2,M126,G2,È un dramma determinato a sua volta dall'esplosione demografica dell'Africa subsahariana.,esplosione,demografica,N ~ Agg,nessuno,N,Dicendo esplosione demografica si intende qualcosa che _____ come un'esplosione,"4,86","4,50","27,00",9,2.792092141,0.8808070033
Q7,M127,G6,L'eccezionale ondata di maltempo ha piegato in due il nostro Paese,piegare,il nostro Paese,V ~ N,transitivo,V,Dicendo piegare in due il nostro Paese si intende _____ il nostro Paese,"4,75","4,67","13,00",5,2.074164743,0.8932941324
Q4,M128,G4,Il cuneo fiscale continua a rimanere un macigno per le imprese italiane o per le imprese che vogliono tornare in Italia a produrre,macigno,il cuneo fiscale,N₁ = N₂,nessuno,N₂,Si intende che il cuneo fiscale _____ come un macigno,"4,08","4,46","18,00",4,1.527507068,0.7637535338
Q6,M129,G6,State continuando a lacerare una comunità nazionale.,lacerare,comunità nazionale,V ~ N,transitivo,V,Dicendo lacerare una comunità nazionale si intende _____ una comunità nazionale,"3,69","4,46","25,00",4,1.745046417,0.8725232086
Q3,M130,G7,"Vuol dire che si vuole buttare la polvere sotto il tappeto, che le contraddizioni come sempre sono tante e quindi si scappa dal problema.",buttare la polvere sotto il tappeto,,V ~ N,transitivo,V + N,Dicendo buttare la polvere sotto il tappeto si intende _____,"4,15","4,54","21,00",5,2.031821334,0.8750578188
Q3,M131,G2,Il dibattito rischia di finire imprigionato in una gabbia ideologica.,gabbia,ideologica,N ~ Agg,nessuno,N,Dicendo gabbia ideologica e scientifica si intende qualcosa che _____ come una gabbia,"3,85","4,00","27,00",4,1.519396893,0.7596984467
Q9,M132,G2,"L'onorevole Meloni dice delle cose che lasciano veramente stupefatti, facendo anche dei salti logici che non si capiscono.",salto,logico,N ~ Agg,nessuno,N,Dicendo salti logici si intende qualcosa che _____ come dei salti,"3,40","4,20","12,00",5,2.125814584,0.915538508
Q7,M133,G3,Bisogna accompagnare la timida crescita economica che il nostro Paese sta affrontando nel contesto europeo.,timido,crescita economica,N ~ Agg,nessuno,Agg,Una crescita economica timida è una crescita economica che _____,"4,58","4,83","16,00",4,1.669736718,0.8348683589
Q7,M134,G2,"Abbiamo aule pollaio, carenze di organico, test salivari solo a campione, distanziamento consigliato a discrezionalità dei dirigenti scolastici, finestre aperte e mascherine.",pollaio,aule,N ~ Agg,nessuno,N,Dicendo aule pollaio si intende qualcosa che _____ come un pollaio,"4,83","5,00","16,00",4,0.8795064608,0.4397532304
Q6,M135,G6,"La corruzione si estirpa con migliori procedure, trasparenza e regole chiare.",estirpare,la corruzione,V ~ N,transitivo,V,Dicendo estirpare la corruzione si intende _____ la corruzione,"3,92","4,31","20,00",3,0.7475846798,0.4716734178
Q8,M136,G7,"La scelta pragmatica ha dato risultati, ha messo quantomeno un chiodo.",mettere un chiodo,,V ~ N,transitivo,V + N,Dicendo mettere un chiodo si intende _____,"2,00","2,60","12,00",3,1.384431504,0.8734790279
Q4,M137,G3,"L'Italia ha bisogno di una politica estera trasparente, matura, lungimirante e programmatica.",trasparente,politica estera,N ~ Agg,nessuno,Agg,Una politica estera trasparente è una politica estera che _____,"4,15","4,08","16,00",6,1.986426729,0.7684547564
Q1,M138,G6,Macron in Francia ha abolito il green pass e sta andando ad addolcire le misure restrittive per il contenimento della emergenza pandemica.,addolcire,le misure restrittive,V ~ N,transitivo,V,Dicendo addolcire le misure restrittive si intende _____ le misure restrittive,"4,42","4,75","15,00",5,2.072905595,0.892751847
Q9,M139,G4,Ogni vaccino in più somministrato è uno scudo che ci consentirà di rendere il nostro Paese più forte.,scudo,vaccino,N₁ = N₂,nessuno,N₂,Si intende che ogni vaccino in più somministrato _____ come uno scudo,"4,30","4,50","13,00",5,1.505876256,0.6485456026
Q5,M140,G7,È evidente che in una situazione di difficoltà lo Stato non può fare lo struzzo.,fare lo struzzo,,V ~ N,transitivo,V + N,Dicendo fare lo struzzo si intende _____,"3,73","3,91","17,00",4,1.926120747,0.9630603734
